SWE,Software Engineering,COLTECH
SWE,Software Engineering,COLTECH
SWE,Software Engineering,COLTECH
SWE,Software Engineering,COLTECH
SWE,Software Engineering,COLTECH
SWE,Software Engineering,COLTECH
SWE,Software Engineering,COLTECH
SWE,Software,COLTECH
SWE,Software,COLTECH
SWE,Software,COLTECH
SWE,Software,COLTECH
SWE,Software,COLTECH
SWE,Software,COLTECH
SWE,Software,COLTECH
SWE,Software,COLTECH
SWE,Software,COLTECH
SWE,Software,COLTECH
SWE,Software,COLTECH
SWE,Software,COLTECH
SWE,Software,COLTECH
SWE,Software,COLTECH
SWE,Software,COLTECH
SWE,Software,COLTECH
SWE,Software,COLTECH
SWE,Software,COLTECH
